USE IU_Airbnb;

INSERT INTO guest_profile (last_name, first_name, phone_number, profile_picture, join_date, work_email, gov_id_verification)
VALUES 
    ('Smith', 'John', 1234567890, '0x89504E470D0A1A0A...', '2022-01-01', 'john.smith@email.com', 1),
    ('Johnson', 'Mary', 2345678901, '0x89504E470D0A1A0A...', '2022-01-02', 'mary.johnson@email.com', 0),
    ('Brown', 'David', 3456789012, '0x89504E470D0A1A0A...', '2022-01-03', NULL, 1),
    ('Davis', 'Jennifer', 4567890123, '0x89504E470D0A1A0A...', '2022-01-04', 'jennifer.davis@email.com', 0),
    ('Garcia', 'Michael', 5678901234, '0x89504E470D0A1A0A...', '2022-01-05', NULL, 1),
    ('Wilson', 'Lisa', 6789012345, '0x89504E470D0A1A0A...', '2022-01-06', 'lisa.wilson@email.com', 0),
    ('Martinez', 'Robert', 7890123456, '0x89504E470D0A1A0A...', '2022-01-07', NULL, 1),
    ('Anderson', 'Karen', 8901234567, '0x89504E470D0A1A0A...', '2022-01-08', NULL, 0),
    ('Taylor', 'Steven', 9012345678, '0x89504E470D0A1A0A...', '2022-01-09', 'steven.taylor@email.com', 1),
    ('Thomas', 'Amanda', 1234567890, '0x89504E470D0A1A0A...', '2022-01-10', NULL, 0),
    ('Jackson', 'Edward', 2345678901, '0x89504E470D0A1A0A...', '2022-01-11', NULL, 1),
    ('White', 'Sarah', 3456789012, '0x89504E470D0A1A0A...', '2022-01-12', NULL, 0),
    ('Harris', 'Christopher', 4567890123, '0x89504E470D0A1A0A...', '2022-01-13', NULL, 1),
    ('Miller', 'Elizabeth', 5678901234, '0x89504E470D0A1A0A...', '2022-01-14', NULL, 0),
    ('Jones', 'Kevin', 6789012345, '0x89504E470D0A1A0A...', '2022-01-15', 'kevin.jones@email.com', 1),
    ('Clark', 'Laura', 7890123456, '0x89504E470D0A1A0A...', '2022-01-16', NULL, 0),
    ('Lee', 'Daniel', 8901234567, '0x89504E470D0A1A0A...', '2022-01-17', NULL, 1),
    ('Walker', 'Megan', 9012345678, '0x89504E470D0A1A0A...', '2022-01-18', NULL, 0),
    ('Hall', 'Matthew', 1234567890, '0x89504E470D0A1A0A...', '2022-01-19', NULL, 1),
    ('Allen', 'Jessica', 2345678901, '0x89504E470D0A1A0A...', '2022-01-20', NULL, 0);
    
INSERT INTO host_profile (first_name, last_name, profile_pic, location)
VALUES 
    ('John', 'Doe', '0x89504E470D0...', 'New York'),
    ('Jane', 'Smith', '0x89504E470D0...', 'San Francisco'),
    ('Robert', 'Johnson', '0x89504E470D0...', 'Los Angeles'),
    ('Emily', 'Brown', '0x89504E470D0...', 'Chicago'),
    ('Michael', 'Garcia', '0x89504E470D0...', 'Houston'),
    ('Lisa', 'Wilson', '0x89504E470D0...', 'Philadelphia'),
    ('David', 'Martinez', '0x89504E470D0...', 'Phoenix'),
    ('Karen', 'Anderson', '0x89504E470D0...', 'San Antonio'),
    ('Steven', 'Taylor', '0x89504E470D0...', 'San Diego'),
    ('Amanda', 'Thomas', '0x89504E470D0...', 'Dallas'),
    ('Edward', 'Jackson', '0x89504E470D0...', 'San Jose'),
    ('Sarah', 'White', '0x89504E470D0...', 'Austin'),
    ('Christopher', 'Harris', '0x89504E470D0...', 'Jacksonville'),
    ('Elizabeth', 'Miller', '0x89504E470D0...', 'Fort Worth'),
    ('Kevin', 'Jones', '0x89504E470D0...', 'Columbus'),
    ('Laura', 'Clark', '0x89504E470D0...', 'San Francisco'),
    ('Daniel', 'Lee', '0x89504E470D0...', 'Charlotte'),
    ('Megan', 'Walker', '0x89504E470D0...', 'Seattle'),
    ('Matthew', 'Hall', '0x89504E470D0...', 'Denver'),
    ('Jessica', 'Allen', '0x89504E470D0...', 'Washington D.C.');

INSERT INTO login_guest (username, password, guest_id)
VALUES 
    ('john_smith', 'password1', 1),
    ('mary_johnson', 'password2', 2),
    ('david_brown', 'password3', 3),
    ('jennifer_davis', 'password4', 4),
    ('michael_garcia', 'password5', 5),
    ('lisa_wilson', 'password6', 6),
    ('robert_martinez', 'password7', 7),
    ('karen_anderson', 'password8', 8),
    ('steven_taylor', 'password9', 9),
    ('amanda_thomas', 'password10', 10),
    ('edward_jackson', 'password11', 11),
    ('sarah_white', 'password12', 12),
    ('christopher_harris', 'password13', 13),
    ('elizabeth_miller', 'password14', 14),
    ('kevin_jones', 'password15', 15),
    ('laura_clark', 'password16', 16),
    ('daniel_lee', 'password17', 17),
    ('megan_walker', 'password18', 18),
    ('matthew_hall', 'password19', 19),
    ('jessica_allen', 'password20', 20);

INSERT INTO login_host (username, password, host_id)
VALUES 
    ('john_doe', 'password1', 1),
    ('jane_smith', 'password2', 2),
    ('robert_johnson', 'password3', 3),
    ('emily_brown', 'password4', 4),
    ('michael_garcia', 'password5', 5),
    ('lisa_wilson', 'password6', 6),
    ('david_martinez', 'password7', 7),
    ('karen_anderson', 'password8', 8),
    ('steven_taylor', 'password9', 9),
    ('amanda_thomas', 'password10', 10),
    ('edward_jackson', 'password11', 11),
    ('sarah_white', 'password12', 12),
    ('christopher_harris', 'password13', 13),
    ('elizabeth_miller', 'password14', 14),
    ('kevin_jones', 'password15', 15),
    ('laura_clark', 'password16', 16),
    ('daniel_lee', 'password17', 17),
    ('megan_walker', 'password18', 18),
    ('matthew_hall', 'password19', 19),
    ('jessica_allen', 'password20', 20);
    
INSERT INTO guest_about (guest_id, location, work, language)
VALUES 
    (1, 'New York', 'Software Developer', 'English'),
    (2, 'San Francisco', 'Marketing Specialist', 'English, Spanish'),
    (3, 'Los Angeles', 'Graphic Designer', 'English, French'),
    (4, 'Chicago', 'Financial Analyst', 'English, Mandarin'),
    (5, 'Houston', 'Sales Representative', 'English, Spanish'),
    (6, 'Philadelphia', 'HR Manager', 'English'),
    (7, 'Phoenix', 'Web Developer', 'English'),
    (8, 'San Antonio', 'Project Manager', 'English, Spanish'),
    (9, 'San Diego', 'Product Manager', 'English'),
    (10, 'Dallas', 'Business Analyst', 'English, German'),
    (11, 'San Jose', 'Data Scientist', 'English, Mandarin'),
    (12, 'Austin', 'Social Media Manager', 'English'),
    (13, 'Jacksonville', 'Operations Manager', 'English'),
    (14, 'Fort Worth', 'UX Designer', 'English, French'),
    (15, 'Columbus', 'IT Consultant', 'English'),
    (16, 'San Francisco', 'Marketing Manager', 'English'),
    (17, 'Charlotte', 'Accountant', 'English'),
    (18, 'Seattle', 'Software Engineer', 'English, Mandarin'),
    (19, 'Denver', 'Digital Marketer', 'English, Spanish'),
    (20, 'Washington D.C.', 'Policy Analyst', 'English, French');
    
DELETE FROM guest_card_details;

INSERT INTO guest_card_details (card_number, expiration_date, cvv, zip_code, guest_id)
VALUES 
    (1234567890123456, '2025-12-31', 123, 10001, 1),
    (2345678901234567, '2023-06-30', 234, 94105, 2),
    (3456789012345678, '2024-03-31', 345, 90001, 3),
    (4567890123456789, '2026-08-31', 456, 60601, 4),
    (5678901234567890, '2023-05-31', 567, 77001, 5),
    (6789012345678901, '2022-10-31', 678, 19103, 6),
    (7890123456789012, '2025-02-28', 789, 85001, 7),
    (8901234567890123, '2026-01-31', 890, 78205, 8),
    (9012345678901234, '2024-07-31', 901, 92101, 9),
    (1234567890123456, '2025-12-31', 123, 75201, 10),
    (2345678901234567, '2023-06-30', 234, 28202, 11),
    (3456789012345678, '2024-03-31', 345, 10001, 12),
    (4567890123456789, '2026-08-31', 456, 60603, 13),
    (5678901234567890, '2023-05-31', 567, 85001, 14),
    (6789012345678901, '2022-10-31', 678, 78205, 15),
    (7890123456789012, '2025-02-28', 789, 60601, 16),
    (8901234567890123, '2026-01-31', 890, 90001, 17),
    (9012345678901234, '2024-07-31', 901, 94105, 18),
    (1234567890123456, '2025-12-31', 123, 10001, 19),
    (2345678901234567, '2023-06-30', 234, 60603, 20);

INSERT INTO identity_verification (issuing_country, `driver's_license`, passport, identity_card, id_image, guest_id)
VALUES 
    ('USA', true, false, false, '0x89504E...', 1),
    ('Mexico', false, true, false, '0x89504E...', 2),
    ('Canada', true, false, true, '0x89504E...', 3),
    ('China', true, true, false, '0x89504E...', 4),
    ('Spain', false, true, false, '0x89504E...', 5),
    ('USA', true, false, false, '0x89504E...', 6),
    ('Germany', false, true, false, '0x89504E...', 7),
    ('USA', true, false, true, '0x89504E...', 8),
    ('France', true, false, false, '0x89504E...', 9),
    ('USA', false, true, false, '0x89504E...', 10),
    ('China', true, true, false, '0x89504E...', 11),
    ('USA', true, false, false, '0x89504E...', 12),
    ('Italy', false, true, false, '0x89504E...', 13),
    ('USA', true, false, true, '0x89504E...', 14),
    ('UK', false, true, false, '0x89504E...', 15),
    ('USA', true, false, false, '0x89504E...', 16),
    ('Australia', true, false, true, '0x89504E...', 17),
    ('USA', true, false, false, '0x89504E...', 18),
    ('Mexico', false, true, false, '0x89504E...', 19),
    ('USA', true, false, true, '0x89504E...', 20);
    
INSERT INTO emergency_contact (name, relationship, email, phone_number, prefered_language, guest_id)
VALUES 
    ('John Smith', 'Father', 'john.smith@example.com', 1234567890, 'English', 1),
    ('Jane Doe', 'Mother', 'jane.doe@example.com', 2345678901, 'English', 2),
    ('Robert Johnson', 'Brother', 'robert.johnson@example.com', 3456789012, 'English, French', 3),
    ('Emily Brown', 'Sister', 'emily.brown@example.com', 4567890123, 'English', 4),
    ('Michael Garcia', 'Friend', 'michael.garcia@example.com', 5678901234, 'English, Spanish', 5),
    ('Lisa Wilson', 'Friend', 'lisa.wilson@example.com', 6789012345, 'English', 6),
    ('David Martinez', 'Cousin', 'david.martinez@example.com', 7890123456, 'English, Spanish', 7),
    ('Karen Anderson', 'Friend', 'karen.anderson@example.com', 8901234567, 'English', 8),
    ('Steven Taylor', 'Brother-in-law', 'steven.taylor@example.com', 9012345678, 'English, German', 9),
    ('Ashley Lee', 'Sister-in-law', 'ashley.lee@example.com', 1234567890, 'English, Mandarin', 10),
    ('Ryan Clark', 'Friend', 'ryan.clark@example.com', 2345678901, 'English', 11),
    ('Mary Adams', 'Aunt', 'mary.adams@example.com', 3456789012, 'English, French', 12),
    ('Kevin Chen', 'Friend', 'kevin.chen@example.com', 4567890123, 'English, Mandarin', 13),
    ('Laura Davis', 'Friend', 'laura.davis@example.com', 5678901234, 'English', 14),
    ('Mark Wilson', 'Friend', 'mark.wilson@example.com', 6789012345, 'English, Spanish', 15),
    ('Kimberly Perez', 'Cousin', 'kimberly.perez@example.com', 7890123456, 'English', 16),
    ('Erica Harris', 'Friend', 'erica.harris@example.com', 8901234567, 'English', 17),
    ('Jonathan Lee', 'Friend', 'jonathan.lee@example.com', 9012345678, 'English, Mandarin', 18),
    ('Amy Rodriguez', 'Friend', 'amy.rodriguez@example.com', 1234567890, 'English, Spanish', 19),
    ('Daniel Kim', 'Friend', 'daniel.kim@example.com', 2345678901, 'English, Korean', 20);
    
INSERT INTO host_place (title, description, pic_1, pic_2, pic_3, pic_4, pic_5, host_id)
VALUES 
    ('Cozy Apartment in Downtown', 'This cozy apartment is located in the heart of downtown with easy access to shops and restaurants. The apartment features a fully equipped kitchen, comfortable living room, and a bedroom with a queen-size bed.', '0x89504E...', '0x89504E...', '0x89504E...', '0x89504E...', '0x89504E...', 1),
    ('Luxury Condo with Ocean View', 'This luxurious condo features breathtaking views of the ocean and a spacious living room with floor-to-ceiling windows. The condo also includes a fully equipped kitchen, a bedroom with a king-size bed, and a spa-like bathroom.', '0x89504E...', '0x89504E...', '0x89504E...', '0x89504E...', '0x89504E...', 2),
    ('Charming Cottage in the Woods', 'This charming cottage is nestled in the woods and offers a peaceful retreat from the city. The cottage features a cozy living room, a fully equipped kitchen, and a bedroom with a double bed.', '0x89504E...', '0x89504E...', '0x89504E...', '0x89504E...', '0x89504E...', 3),
    ('Modern Loft in Historic Building', 'This modern loft is located in a historic building and features an open floor plan with high ceilings and exposed brick walls. The loft includes a fully equipped kitchen, a comfortable living area, and a king-size bed.', '0x89504E...', '0x89504E...', '0x89504E...', '0x89504E...', '0x89504E...', 4),
    ('Spacious Townhouse with Rooftop Deck', 'This spacious townhouse features a rooftop deck with stunning views of the city. The townhouse also includes a fully equipped kitchen, a comfortable living room, and a bedroom with a queen-size bed.', '0x89504E...', '0x89504E...', '0x89504E...', '0x89504E...', '0x89504E...', 5),
    ('Coastal Retreat with Private Beach', 'This coastal retreat is located on a private beach and features stunning views of the ocean. The retreat includes a fully equipped kitchen, a comfortable living room, and a bedroom with a king-size bed.', '0x89504E...', '0x89504E...', '0x89504E...', '0x89504E...', '0x89504E...', 6),
    ('Rustic Cabin in the Mountains', 'This rustic cabin is nestled in the mountains and offers a peaceful escape from the city. The cabin features a cozy living room with a wood-burning fireplace, a fully equipped kitchen, and a bedroom with a double bed.', '0x89504E...', '0x89504E...', '0x89504E...', '0x89504E...', '0x89504E...', 7),
    ('Elegant Villa with Private Pool', 'This elegant villa features a private pool and a spacious living room with high ceilings and a fireplace. The villa also includes a fully equipped kitchen, a bedroom with a king-size bed, and a spa-like bathroom.', '0x89504E...', '0x89504E...', '0x89504E...', '0x89504E...', '0x89504E...', 8),
    ('Cozy Studio with Garden View', 'This cozy studio overlooks a beautiful garden and features a comfortable living area, a fully equipped kitchen, and a queen-size bed.', '0x89504E...', '0x89504E...', '0x89504E...', '0x89504E...', '0x89504E...', 9),
    ('Sunny Apartment with City Views', 'This sunny apartment offers stunning views of the city and features a fully equipped kitchen, a comfortable living room, and a bedroom with a double bed.', '0x89504E...', '0x89504E...', '0x89504E...', '0x89504E...', '0x89504E...', 10),
    ('Modern House with Pool and Hot Tub', 'This modern house features a private pool and a hot tub, as well as a fully equipped kitchen, a comfortable living room, and a bedroom with a king-size bed.', '0x89504E...', '0x89504E...', '0x89504E...', '0x89504E...', '0x89504E...', 11),
    ('Charming Cottage with Garden Oasis', 'This charming cottage features a beautiful garden oasis and a fully equipped kitchen. The cottage also includes a comfortable living room, a bedroom with a queen-size bed, and a spa-like bathroom.', '0x89504E...', '0x89504E...', '0x89504E...', '0x89504E...', '0x89504E...', 12),
    ('Luxury Apartment with Panoramic Views', 'This luxurious apartment offers panoramic views of the city and features a fully equipped kitchen, a spacious living room, and a bedroom with a king-size bed. The apartment also includes a spa-like bathroom with a soaking tub.', '0x89504E...', '0x89504E...', '0x89504E...', '0x89504E...', '0x89504E...', 13),
    ('Quaint House with Private Courtyard', 'This quaint house features a private courtyard and a fully equipped kitchen. The house also includes a comfortable living room, a bedroom with a double bed, and a spa-like bathroom.', '0x89504E...', '0x89504E...', '0x89504E...', '0x89504E...', '0x89504E...', 14),
    ('Sleek Apartment with Modern Design', 'This sleek apartment features modern design and a fully equipped kitchen. The apartment also includes a comfortable living room, a bedroom with a queen-size bed, and a spa-like bathroom.', '0x89504E...', '0x89504E...', '0x89504E...', '0x89504E...', '0x89504E...', 15),
    ('Charming Bungalow with Ocean View', 'This charming bungalow offers breathtaking views of the ocean and features a fully equipped kitchen, a comfortable living room, and a bedroom with a queen-size bed.', '0x89504E...', '0x89504E...', '0x89504E...', '0x89504E...', '0x89504E...', 16),
    ('Modern Studio with City Views', 'This modern studio offers stunning views of the city and features a fully equipped kitchen, a comfortable living area, and a queen-size bed.', '0x89504E...', '0x89504E...', '0x89504E...', '0x89504E...', '0x89504E...', 17),
    ('Spacious Loft with Industrial Chic Design', 'This spacious loft features industrial chic design and a fully equipped kitchen. The loft also includes a comfortable living area, a bedroom with a king-size bed, and a spa-like bathroom.', '0x89504E...', '0x89504E...', '0x89504E...', '0x89504E...', '0x89504E...', 18),
    ('Traditional House with Japanese Garden', 'This traditional house features a beautiful Japanese garden and a fully equipped kitchen. The house also includes a comfortable living room, a bedroom with a double bed, and a spa-like bathroom.', '0x89504E...', '0x89504E...', '0x89504E...', '0x89504E...', '0x89504E...', 19),
    ('Rustic Cabin with Mountain Views', 'This rustic cabin offers stunning views of the mountains and features a fully equipped kitchen, a comfortable living room with a wood-burning fireplace, and a bedroom with a queen-size bed.', '0x89504E...', '0x89504E...', '0x89504E...', '0x89504E...', '0x89504E...', 20);
    
INSERT INTO rooms_spaces (bedroom, full_bathroom, living_room, exterior, place_id)
VALUES 
    (1, 1, 1, 0, 1),
    (1, 1, 1, 0, 2),
    (1, 1, 0, 0, 3),
    (1, 1, 1, 1, 4),
    (1, 1, 1, 0, 5),
    (1, 1, 1, 1, 6),
    (1, 1, 0, 0, 7),
    (1, 1, 1, 1, 8),
    (1, 1, 0, 1, 9),
    (1, 1, 1, 0, 10),
    (1, 1, 1, 1, 11),
    (1, 1, 1, 0, 12),
    (1, 1, 1, 1, 13),
    (1, 1, 0, 0, 14),
    (1, 1, 1, 0, 15),
    (1, 1, 1, 0, 16),
    (1, 1, 0, 1, 17),
    (1, 1, 1, 1, 18),
    (1, 1, 0, 0, 19),
    (1, 1, 1, 1, 20);
    
INSERT INTO place_location (address, longitude, latitude, place_id)
VALUES 
    ('123 Main St, Anytown USA', -73.9857, 40.7484, 1),
    ('456 Ocean Ave, Anytown USA', -73.9579, 40.6782, 2),
    ('789 Forest Rd, Anytown USA', -74.0060, 40.7336, 3),
    ('321 Elm St, Anytown USA', -74.0059, 40.7216, 4),
    ('654 Maple Ave, Anytown USA', -73.9866, 40.7589, 5),
    ('987 Pine St, Anytown USA', -73.9626, 40.6025, 6),
    ('111 Oak Rd, Anytown USA', -74.0776, 40.9115, 7),
    ('222 Cherry St, Anytown USA', -73.9824, 40.7319, 8),
    ('333 Birch Blvd, Anytown USA', -73.9854, 40.7051, 9),
    ('444 Cedar Ln, Anytown USA', -73.9933, 40.7263, 10),
    ('555 Spruce St, Anytown USA', -73.9442, 40.7812, 11),
    ('666 Laurel Rd, Anytown USA', -73.9555, 40.7055, 12),
    ('777 Maplewood Ave, Anytown USA', -73.9845, 40.7632, 13),
    ('888 Elmwood Dr, Anytown USA', -73.9886, 40.7308, 14),
    ('999 Oakwood Rd, Anytown USA', -73.9474, 40.8086, 15),
    ('1111 Pinehurst Dr, Anytown USA', -73.9724, 40.7696, 16),
    ('2222 Forest Hills Rd, Anytown USA', -73.9583, 40.7317, 17),
    ('3333 Cedar Hills Dr, Anytown USA', -73.9975, 40.7282, 18),
    ('4444 Maplewood Ln, Anytown USA', -73.9647, 40.7100, 19),
    ('5555 Oakdale Ave, Anytown USA', -74.0025, 40.7442, 20);
    
INSERT INTO place_highlight (peacful, `unique`, family_friendly, stylish, central, spacious, place_id)
VALUES 
    (1, 0, 1, 1, 0, 1, 1),
    (0, 1, 1, 1, 0, 0, 2),
    (1, 0, 1, 0, 1, 1, 3),
    (0, 1, 0, 1, 1, 0, 4),
    (1, 1, 1, 1, 0, 1, 5),
    (0, 0, 1, 1, 1, 1, 6),
    (1, 1, 0, 1, 0, 1, 7),
    (0, 1, 1, 1, 1, 0, 8),
    (1, 0, 1, 0, 1, 1, 9),
    (0, 1, 0, 1, 1, 0, 10),
    (1, 1, 1, 1, 0, 1, 11),
    (0, 0, 1, 1, 1, 1, 12),
    (1, 1, 0, 1, 0, 1, 13),
    (0, 1, 1, 1, 1, 0, 14),
    (1, 0, 1, 0, 1, 1, 15),
    (0, 1, 0, 1, 1, 0, 16),
    (1, 1, 1, 1, 0, 1, 17),
    (0, 0, 1, 1, 1, 1, 18),
    (1, 1, 0, 1, 0, 1, 19),
    (0, 1, 1, 1, 1, 0, 20);
    
INSERT INTO property_guests (place_type, property_type, room_type, year_built, property_size, number_of_guests, place_id)
VALUES 
    ('Entire place', 'Apartment', 'Private room', '2015-01-01', 500, 2, 1),
    ('Entire place', 'House', 'Entire home/apt', '2000-01-01', 1200, 6, 2),
    ('Entire place', 'Villa', 'Entire home/apt', '2010-01-01', 2000, 10, 3),
    ('Entire place', 'Apartment', 'Entire home/apt', '2018-01-01', 800, 4, 4),
    ('Entire place', 'House', 'Private room', '1990-01-01', 1000, 2, 5),
    ('Private room', 'Apartment', 'Private room', '2015-01-01', 500, 2, 6),
    ('Entire place', 'House', 'Entire home/apt', '2005-01-01', 1800, 8, 7),
    ('Private room', 'House', 'Private room', '1995-01-01', 600, 2, 8),
    ('Entire place', 'Villa', 'Entire home/apt', '2012-01-01', 2200, 12, 9),
    ('Entire place', 'Apartment', 'Entire home/apt', '2019-01-01', 1000, 4, 10),
    ('Entire place', 'House', 'Private room', '1985-01-01', 1200, 2, 11),
    ('Private room', 'Apartment', 'Private room', '2016-01-01', 500, 2, 12),
    ('Entire place', 'House', 'Entire home/apt', '2008-01-01', 1600, 6, 13),
    ('Private room', 'House', 'Private room', '1992-01-01', 700, 2, 14),
    ('Entire place', 'Villa', 'Entire home/apt', '2014-01-01', 1800, 10, 15),
    ('Entire place', 'Apartment', 'Entire home/apt', '2020-01-01', 1200, 6, 16),
    ('Entire place', 'House', 'Private room', '1998-01-01', 1400, 2, 17),
    ('Private room', 'Apartment', 'Private room', '2017-01-01', 550, 2, 18),
    ('Entire place', 'House', 'Entire home/apt', '2002-01-01', 2000, 8, 19),
    ('Private room', 'House', 'Private room', '1993-01-01', 800, 2, 20);
    
INSERT INTO place_offer (wifi, tv, kitchen, washer, free_parking, paid_parking, ac, dedicated_workplace, pool, hot_tub, patio, bbq_grill, outdoor_dining_area, fire_pit, pool_table, indoor_fireplace, piano, exercise_equipment, lake_access, beach_access, `ski-in_ski-out`, outdoor_shower, smoke_alarm, first_aid_kit, fire_extinguisher, carbon_monoxide_alarm, place_id)
VALUES 
    (1, 1, 1, 1, 0, 1, 1, 0, 0, 1, 1, 1, 0, 0, 1, 0, 0, 1, 0, 0, 1, 1, 1, 1, 1, 0, 1),
    (1, 1, 1, 0, 1, 1, 1, 1, 0, 0, 1, 1, 0, 0, 1, 0, 0, 1, 0, 1, 0, 0, 1, 1, 1, 1, 2),
    (1, 1, 1, 1, 0, 1, 1, 1, 1, 1, 1, 1, 0, 1, 1, 0, 0, 1, 0, 0, 1, 1, 1, 1, 1, 0, 3),
    (1, 1, 1, 0, 1, 1, 1, 0, 0, 1, 0, 1, 0, 0, 1, 0, 0, 1, 0, 1, 0, 0, 1, 1, 1, 1, 4),
    (1, 1, 1, 1, 0, 1, 0, 1, 0, 1, 0, 1, 0, 1, 1, 0, 0, 1, 0, 0, 1, 1, 1, 1, 1, 0, 5),
    (1, 1, 1, 0, 1, 1, 1, 0, 0, 0, 1, 1, 1, 0, 1, 0, 0, 0, 1, 0, 1, 1, 1, 1, 1, 0, 6),
    (1, 1, 1, 1, 0, 1, 1, 1, 1, 1, 1, 1, 0, 1, 1, 0, 0, 1, 0, 0, 1, 1, 1, 1, 1, 0, 7),
    (1, 1, 1, 0, 1, 1, 1, 0, 0, 1, 1, 1, 0, 0, 1, 0, 0, 1, 0, 1, 0, 0, 1, 1, 1, 1, 8),
    (1, 1, 1, 1, 0, 1, 1, 1, 1, 1, 0, 1, 0, 1, 1, 0, 0, 1, 0, 0, 1, 1, 1, 1, 1, 0, 9),
    (1, 1, 1, 0, 1, 1, 1, 0, 0, 0, 1, 1, 1, 0, 1, 0, 0, 0, 1, 0, 1, 1, 1, 1, 1, 0, 10),
    (1, 1, 1, 1, 0, 1, 0, 1, 0, 1, 0, 1, 0, 1, 1, 0, 0, 1, 0, 0, 1, 1, 1, 1, 1, 0, 11),
    (1, 1, 1, 0, 1, 1, 1, 0, 0, 1, 1, 1, 0, 0, 1, 0, 0, 1, 0, 1, 0, 0, 1, 1, 1, 1, 12),
    (1, 1, 1, 1, 0, 1, 1, 1, 1, 1, 1, 1, 0, 1, 1, 0, 0, 1, 0, 0, 1, 1, 1, 1, 1, 0, 13),
    (1, 1, 1, 0, 1, 1, 1, 0, 0, 1, 0, 1, 1, 0, 1, 0, 0, 1, 0, 1, 0, 0, 1, 1, 1, 1, 14),
    (1, 1, 1, 1, 0, 1, 1, 1, 1, 1, 0, 1, 0, 1, 1, 0, 0, 1, 0, 0, 1, 1, 1, 1, 1, 0, 15),
    (1, 1, 1, 0, 1, 1, 1, 0, 0, 0, 1, 1, 0, 0, 1, 0, 0, 0, 1, 0, 1, 1, 1, 1, 1, 0, 16),
    (1, 1, 1, 1, 0, 1, 0, 1, 0, 1, 0, 1, 0, 1, 1, 0, 0, 1, 0, 0, 1, 1, 1, 1, 1, 0, 17),
    (1, 1, 1, 0, 1, 1, 1, 0, 0, 1, 1, 1, 1, 0, 1, 0, 0, 1, 0, 1, 0, 0, 1, 1, 1, 1, 18),
    (1, 1, 1, 1, 0, 1, 1, 1, 1, 1, 1, 1, 0, 1, 1, 0, 0, 1, 0, 0, 1, 1, 1, 1, 1, 0, 19),
    (1, 1, 1, 0, 1, 1, 1, 0, 0, 0, 1, 1, 0, 0, 1, 0, 0, 0, 1, 0, 1, 1, 1, 1, 1, 0, 20);
    
INSERT INTO reservation (guest_id, host_id, place_id, check_in, check_out, guest_number, nights_number, work_trip)
VALUES 
    (1, 1, 1, '2023-06-01 14:00:00', '2023-06-05 12:00:00', 2, 4, 0),
    (2, 2, 2, '2023-06-15 15:00:00', '2023-06-20 11:00:00', 4, 5, 1),
    (3, 3, 3, '2023-07-01 16:00:00', '2023-07-06 10:00:00', 6, 5, 0),
    (4, 4, 4, '2023-07-10 14:00:00', '2023-07-14 12:00:00', 2, 4, 1),
    (5, 5, 5, '2023-07-20 15:00:00', '2023-07-25 11:00:00', 4, 5, 0),
    (6, 6, 6, '2023-08-01 16:00:00', '2023-08-06 10:00:00', 6, 5, 1),
    (7, 7, 7, '2023-08-10 14:00:00', '2023-08-14 12:00:00', 2, 4, 0),
    (8, 8, 8, '2023-08-20 15:00:00', '2023-08-25 11:00:00', 4, 5, 1),
    (9, 9, 9, '2023-09-01 16:00:00', '2023-09-06 10:00:00', 6, 5, 0),
    (10, 10, 10, '2023-09-10 14:00:00', '2023-09-14 12:00:00', 2, 4, 1),
    (11, 11, 11, '2023-09-20 15:00:00', '2023-09-25 11:00:00', 4, 5, 0),
    (12, 12, 12, '2023-10-01 16:00:00', '2023-10-06 10:00:00', 6, 5, 1),
    (13, 13, 13, '2023-10-10 14:00:00', '2023-10-14 12:00:00', 2, 4, 0),
    (14, 14, 14, '2023-10-20 15:00:00', '2023-10-25 11:00:00', 4, 5, 1),
    (15, 15, 15, '2023-11-01 16:00:00', '2023-11-06 10:00:00', 6, 5, 0),
    (16, 16, 16, '2023-11-10 14:00:00', '2023-11-14 12:00:00', 2, 4, 1),
    (17, 17, 17, '2023-11-20 15:00:00', '2023-11-25 11:00:00', 4, 5, 0),
    (18, 18, 18, '2023-12-01 16:00:00', '2023-12-06 10:00:00', 6, 5, 1),
    (19, 19, 19, '2023-12-10 14:00:00', '2023-12-14 12:00:00', 2, 4, 0),
    (20, 20, 20, '2023-12-20 15:00:00', '2023-12-25 11:00:00', 4, 5, 1);
    
INSERT INTO guest_payment_type (credit_debt_card, paypal, coupon, guest_id)
VALUES 
    (1, 0, 0, 1),
    (0, 1, 0, 2),
    (1, 0, 0, 3),
    (0, 1, 0, 4),
    (1, 0, 1, 5),
    (0, 1, 0, 6),
    (1, 0, 0, 7),
    (0, 1, 0, 8),
    (1, 0, 1, 9),
    (0, 1, 0, 10),
    (1, 0, 0, 11),
    (0, 1, 0, 12),
    (1, 0, 1, 13),
    (0, 1, 0, 14),
    (1, 0, 0, 15),
    (0, 1, 0, 16),
    (1, 0, 1, 17),
    (0, 1, 0, 18),
    (1, 0, 0, 19),
    (0, 1, 0, 20);
    
INSERT INTO setup_payouts (host_id, account_holder_name, street_address, apt_suite_bldg, city, state, zip_code, country, commission_host)
VALUES 
    (1, 'John Doe', '123 Main St', NULL, 'Los Angeles', 'CA', 90210, 'USA', 10),
    (2, 'Jane Smith', '456 Oak Ave', 'Apt 2B', 'New York', 'NY', 10001, 'USA', 12),
    (3, 'Bob Johnson', '789 Maple Rd', NULL, 'Chicago', 'IL', 60601, 'USA', 15),
    (4, 'Alice Lee', '101 Pine St', 'Suite 100', 'San Francisco', 'CA', 94101, 'USA', 10),
    (5, 'David Kim', '555 Elm St', NULL, 'Houston', 'TX', 77001, 'USA', 12),
    (6, 'Sarah Chen', '777 Broadway', NULL, 'Boston', 'MA', 02101, 'USA', 15),
    (7, 'Mike Jones', '999 Sunset Blvd', NULL, 'Seattle', 'WA', 98101, 'USA', 10),
    (8, 'Lisa Brown', '222 Park Ave', NULL, 'Miami', 'FL', 33101, 'USA', 12),
    (9, 'Tom Wilson', '333 Beach Rd', 'Suite 200', 'San Diego', 'CA', 92101, 'USA', 15),
    (10, 'Karen Wong', '444 River Dr', NULL, 'Atlanta', 'GA', 30301, 'USA', 10),
    (11, 'Chris Nguyen', '666 Lakeview Dr', NULL, 'Denver', 'CO', 80201, 'USA', 12),
    (12, 'Emily Davis', '888 Forest Ave', NULL, 'Portland', 'OR', 97201, 'USA', 15),
    (13, 'Mark Taylor', '7777 Hillside Ave', NULL, 'Dallas', 'TX', 75201, 'USA', 10),
    (14, 'Linda Rodriguez', '1234 Oakwood Dr', NULL, 'Phoenix', 'AZ', 85001, 'USA', 12),
    (15, 'Daniel Kim', '5678 Walnut St', NULL, 'Las Vegas', 'NV', 89101, 'USA', 15),
    (16, 'Anna Chen', '9101 Vine St', NULL, 'Philadelphia', 'PA', 19101, 'USA', 10),
    (17, 'James Brown', '1212 Maple Ave', NULL, 'Seattle', 'WA', 98101, 'USA', 12),
    (18, 'Amanda Wilson', '3434 Elm St', NULL, 'Miami', 'FL', 33101, 'USA', 15),
    (19, 'Kevin Lee', '5656 Pine St', NULL, 'Houston', 'TX', 77001, 'USA', 10),
    (20, 'Michelle Nguyen', '7878 Oak Ave', NULL, 'Chicago', 'IL', 60601, 'USA', 12);
    
INSERT INTO transaction_approval (reservation_id, arrival_date, 24_hrs_passed, host_id, guest_id, guest_card_id, commission_guest)
VALUES 
    (1, '2023-05-10 14:00:00', 0, 1, 1, 41, 5),
    (2, '2023-06-01 12:00:00', 1, 2, 2, 42, 7),
    (3, '2023-06-15 16:00:00', 1, 3, 3, 43, 10),
    (4, '2023-07-01 10:00:00', 0, 4, 4, 44, 8),
    (5, '2023-07-05 18:00:00', 1, 5, 5, 45, 12),
    (6, '2023-07-20 14:00:00', 1, 6, 6, 46, 15),
    (7, '2023-08-01 12:00:00', 0, 7, 7, 47, 8),
    (8, '2023-08-10 08:00:00', 1, 8, 8, 48, 10),
    (9, '2023-08-20 17:00:00', 1, 9, 9, 49, 12),
    (10, '2023-09-01 14:00:00', 0, 10, 10, 50, 5),
    (11, '2023-09-10 12:00:00', 1, 11, 11, 51, 7),
    (12, '2023-09-15 16:00:00', 1, 12, 12, 52, 10),
    (13, '2023-10-01 10:00:00', 0, 13, 13, 53, 8),
    (14, '2023-10-05 18:00:00', 1, 14, 14, 54, 12),
    (15, '2023-10-20 14:00:00', 1, 15, 15, 55, 15),
    (16, '2023-11-01 12:00:00', 0, 16, 16, 56, 8),
    (17, '2023-11-10 08:00:00', 1, 17, 17, 57, 10),
    (18, '2023-11-20 17:00:00', 1, 18, 18, 58, 12),
    (19, '2023-12-01 14:00:00', 0, 19, 19, 59, 5),
    (20, '2023-12-10 12:00:00', 1, 20, 20, 60, 7);
    
INSERT INTO host_payment_type (wire_transfer, payoneer, host_id)
VALUES 
    (1, 0, 1),
    (0, 1, 2),
    (1, 0, 3),
    (0, 1, 4),
    (1, 0, 5),
    (0, 1, 6),
    (1, 0, 7),
    (0, 1, 8),
    (1, 0, 9),
    (0, 1, 10),
    (1, 0, 11),
    (0, 1, 12),
    (1, 0, 13),
    (0, 1, 14),
    (1, 0, 15),
    (0, 1, 16),
    (1, 0, 17),
    (0, 1, 18),
    (1, 0, 19),
    (0, 1, 20);
    
INSERT INTO payout_methods (host_id, setup_payouts_id, host_payment_type_id, final_payout, payout_date, 24_hrs_passed)
VALUES 
    (1, 1, 1, 100, '2023-05-15 00:00:00', 1),
    (2, 2, 2, 200, '2023-06-05 00:00:00', 0),
    (3, 3, 3, 300, '2023-06-20 00:00:00', 1),
    (4, 4, 4, 400, '2023-07-05 00:00:00', 0),
    (5, 5, 5, 500, '2023-07-25 00:00:00', 1),
    (6, 6, 6, 600, '2023-08-10 00:00:00', 0),
    (7, 7, 7, 700, '2023-08-30 00:00:00', 1),
    (8, 8, 8, 800, '2023-09-15 00:00:00', 0),
    (9, 9, 9, 900, '2023-10-05 00:00:00', 1),
    (10, 10, 10, 1000, '2023-10-20 00:00:00', 0),
    (11, 11, 11, 1100, '2023-11-10 00:00:00', 1),
    (12, 12, 12, 1200, '2023-11-25 00:00:00', 0),
    (13, 13, 13, 1300, '2023-12-10 00:00:00', 1),
    (14, 14, 14, 1400, '2023-12-30 00:00:00', 0),
    (15, 15, 15, 1500, '2024-01-15 00:00:00', 1),
    (16, 16, 16, 1600, '2024-02-05 00:00:00', 0),
    (17, 17, 17, 1700, '2024-02-20 00:00:00', 1),
    (18, 18, 18, 1800, '2024-03-10 00:00:00', 0),
    (19, 19, 19, 1900, '2024-03-25 00:00:00', 1),
    (20, 20, 20, 2000, '2024-04-10 00:00:00', 0);
    
INSERT INTO price_calculator (reservation_id, nights_number, night_price, cleaning_fees, service_fees, taxes, total_USD)
VALUES 
    (1, 3, 50, 20, 10, 5, 225),
    (2, 5, 60, 15, 12, 6, 363),
    (3, 2, 70, 10, 15, 7, 177),
    (4, 4, 80, 25, 8, 4, 372),
    (5, 6, 90, 30, 11, 6, 619),
    (6, 2, 100, 15, 9, 3, 237),
    (7, 3, 110, 20, 10, 5, 345),
    (8, 5, 120, 25, 12, 6, 663),
    (9, 2, 130, 10, 15, 7, 277),
    (10, 4, 140, 30, 8, 4, 592),
    (11, 6, 150, 35, 11, 6, 1011),
    (12, 2, 160, 20, 9, 3, 327),
    (13, 3, 170, 25, 10, 5, 505),
    (14, 5, 180, 30, 12, 6, 942),
    (15, 2, 190, 10, 15, 7, 397),
    (16, 4, 200, 35, 8, 4, 832),
    (17, 6, 210, 40, 11, 6, 1425),
    (18, 2, 220, 25, 9, 3, 457),
    (19, 3, 230, 30, 10, 5, 705),
    (20, 5, 240, 35, 12, 6, 1326);
    
UPDATE price_calculator
         SET taxes= night_price * 0.1,
                 total_USD = nights_number * (night_price + cleaning_fees + service_fees + taxes);

INSERT INTO review_guest (host_id, guest_id, stars, comment)
VALUES 
    (1, 1, 4, 'Great guest, very friendly and respectful.'),
    (2, 2, 5, 'Amazing guest, left the place spotless.'),
    (3, 3, 3, 'Decent guest, nothing too remarkable.'),
    (4, 4, 4, 'Good guest, would host again.'),
    (5, 5, 2, 'Difficult guest, caused some damage.'),
    (6, 6, 5, 'Excellent guest, highly recommended.'),
    (7, 7, 4, 'Friendly guest, easy to communicate with.'),
    (8, 8, 5, 'Outstanding guest, left a great impression.'),
    (9, 9, 3, 'Average guest, nothing to complain about.'),
    (10, 10, 4, 'Great guest, would be happy to host again.'),
    (11, 11, 2, 'Not a great guest, caused some issues.'),
    (12, 12, 5, 'Fantastic guest, left the place in perfect condition.'),
    (13, 13, 4, 'Very pleasant guest, would recommend.'),
    (14, 14, 3, 'Decent guest, no major issues.'),
    (15, 15, 5, 'One of the best guests I\'ve had, highly recommended.'),
    (16, 16, 4, 'Good guest, no complaints.'),
    (17, 17, 5, 'Exceptional guest, went above and beyond.'),
    (18, 18, 3, 'Average guest, nothing remarkable.'),
    (19, 19, 4, 'Solid guest, would host again.'),
    (20, 20, 5, 'Absolutely wonderful guest, left a great impression.');

INSERT INTO review_host (guest_id, host_id, reservation_id, stars, comment)
VALUES 
    (1, 1, 1, 4, 'Great host, very accommodating and helpful.'),
    (2, 2, 2, 5, 'Fantastic host, went above and beyond.'),
    (3, 3, 3, 3, 'Average host, nothing too remarkable.'),
    (4, 4, 4, 4, 'Good host, would recommend.'),
    (5, 5, 5, 2, 'Difficult host, not very responsive.'),
    (6, 6, 6, 5, 'Outstanding host, made the stay truly memorable.'),
    (7, 7, 7, 4, 'Friendly and helpful host, would stay again.'),
    (8, 8, 8, 5, 'One of the best hosts I\'ve had, highly recommended.'),
    (9, 9, 9, 3, 'Average host, nothing to complain about.'),
    (10, 10, 10, 4, 'Great host, made the stay enjoyable and comfortable.'),
    (11, 11, 11, 2, 'Not a great host, some issues with communication.'),
    (12, 12, 12, 5, 'Exceptional host, the stay exceeded expectations.'),
    (13, 13, 13, 4, 'Very welcoming and accommodating host.'),
    (14, 14, 14, 3, 'Decent host, no major issues.'),
    (15, 15, 15, 5, 'One of the best hosts I\'ve encountered, highly recommended.'),
    (16, 16, 16, 4, 'Good host, no complaints.'),
    (17, 17, 17, 5, 'Exceptional host, made the stay truly memorable.'),
    (18, 18, 18, 3, 'Average host, nothing remarkable.'),
    (19, 19, 19, 4, 'Solid host, would stay again.'),
    (20, 20, 20, 5, 'Absolutely wonderful host, made the stay unforgettable.');
    